{"cameraMode":{"drawMode":0,"name":"Shaded","section":"Shading Mode"},"sceneLighting":true,"audioPlay":false,"sceneViewState":{"m_AlwaysRefresh":false,"showFog":true,"showSkybox":true,"showFlares":true,"showImageEffects":true,"showParticleSystems":true,"showVisualEffectGraphs":true,"m_FxEnabled":true},"in2DMode":false,"pivot":{"x":-1.0955345630645753,"y":-0.1151871532201767,"z":-0.3155342936515808},"rotation":{"x":0.054693352431058887,"y":0.922713041305542,"z":-0.14258070290088654,"w":0.3539659082889557},"size":0.4441719949245453,"orthographic":false}